Title,Author,Genre
Sandali,Cup of Joe,Sad
Hayaan,Cup of Joe,Sad
Ikaw Parin Ang Pipiliin Ko,Cup of Joe,Sad
Mistertyoso,Cup of Joe,Pop
Tataya,Cup of Joe,Indie
Patutunguhan,Cup of Joe,Pop
Wag Na Lang,Cup of Joe,Sad
Bagyo,Cup of Joe,Pop
Wine,Cup of Joe,Pop
Kanelang Mata,Cup of Joe,Pop
Bubog,Cup of Joe,Pop
Siping,Cup of Joe,Pop
Pahina,Cup of Joe,Pop
'Di Maaari,Cup of Joe,Pop
Hinga,Cup of Joe,Pop
Silakbo,Cup of Joe,Pop
Ikaw,Cup of Joe,Sad
Multo,Cup of Joe,Pop
Mananatili,Cup of Joe,Pop
Estranghero,Cup of Joe,Pop
Nag-iisang Muli,Cup of Joe,Pop
Sinderela,Cup of Joe,Pop
Sagada,Cup of Joe,Pop
Bukod-Tangi,Cup of Joe,Pop
Alas Dose,Cup of Joe,Pop
Nasa'king Damdamin,Arthur Nery,Love
Isa Lang,Arthur Nery,Love
Higa,Arthur Nery,Love
Pagsamo,Arthur Nery,Love
Binhi,Arthur Nery,Love
Cotton Candy,Arthur Nery,Love
Hung Up,Arthur Nery,Love
Favorite Vice,Arthur Nery,Love
Got Me Tangled,Arthur Nery,Love
Life Puzzle,Arthur Nery,Love
I'd Still Kiss You,Arthur Nery,Love
Take All The Love,Arthur Nery,Love
Happy w u(feat.Jason Dhakal),Arthur Nery,Love
Pelikula,Arthur Nery,Love
Sinag,Arthur Nery,Love
o ninanais,Arthur Nery,Love
Mikasa,Arthur Nery,Love
Life Puzzle,Arthur Nery,Love
Turbo,Arthur Nery,Love
Sabik,Arthur Nery,Love
RomCom,Rob Deniel,Pop
Ikaw Sana,Rob Deniel,Love
Miss Miss,Rob Deniel,Pop
Sinta,Rob Deniel,Pop
Ang Pag-ibig,Rob Deniel,Love
Ulap,Rob Deniel,Pop
Kumusta Na,Rob Deniel,Pop
Puso,Rob Deniel,Love
Iisang Daan,Rob Deniel,Pop
Happy Ending,Rob Deniel,Pop
Malabo,Khel Pangilinan,Pop
Salamat Sa’yo,Khel Pangilinan,Pop
Sinayang Mo,Khel Pangilinan,Pop
Yudawan,Khel Pangilinan,Pop
1988,Khel Pangilinan,Pop
Don’t,Khel Pangilinan,Pop
Weak,Khel Pangilinan,Pop
Alipin,Khel Pangilinan,Pop
I’ll Be,Khel Pangilinan,Pop
Burn,Khel Pangilinan,Pop
Officially Missing You,Khel Pangilinan,Pop
Yakap,Nobita,Pop
Vie (Sabihin Mo Kung),Nobita,Pop
Ikaw Lang,Nobita,Love
The Search Is Over,Nobita,Pop
Unang Sayaw,Nobita,Dance
Di Na Mag-Iisa,Nobita,Pop
Tayong Dalawa sa Pasko,Nobita,Love
Totoo,Nobita,Pop
Paano Uusad,Nobita,Pop
Sa Ulan,Nobita,Sad
Magasin (Nobita version),Nobita,Pop
Kalangitan,Nobita,Pop
Hay Buhay,Nobita,Pop
Tayo Na Lang,Nobita,Love
Gitna,Nobita,Pop
Kahit Sandali,Nobita,Sad
Hau Buhay,Nobita,Pop
Paruparo Na Walang Hanggan,Nobita,Sad
Bukang Liwayway,Nobita,Pop
Idol,Ex Battalion,Pop
We The Best,Ex Battalion,Pop
Bullet Sun,Ex Battalion,Pop
Kung Tayo,Ex Battalion,Love
Miss Flawless,Ex Battalion,Pop
Baby Cakes (Kiss Mo ’Ko),Ex Battalion,Pop
Pakinabang,Ex Battalion,Pop
Wag Sya,Ex Battalion,Pop
Sama-Sama,Ex Battalion,Pop
Saya,Ex Battalion,Pop
PagMAMAhal,Ex Battalion,Love
Maghihintay,Ex Battalion,Pop
Bagong Simula,Ex Battalion,Pop
No Games,Ex Battalion,Pop
Tell Me,Ex Battalion,Pop
Need You,Ex Battalion,Pop
Sana Ikaw Na Nga,Ex Battalion,Love
Bootyful,Ex Battalion,Pop
Come With Me,Ex Battalion,Pop
Hayaan Mo Sila,Ex Battalion,Pop
SouthBoys,Ex Battalion,Pop
Follow My Lead,Ex Battalion,Pop
Unreleased (Mahirap Na),Ex Battalion,Pop
Superhero Mo,Ex Battalion,Pop
Ikaw Kase,Ex Battalion,Love
Ginalingan,Ex Battalion,Pop
SingSing,Ex Battalion,Pop
Bounty (Makukuha Rin Kita),Ex Battalion,Pop
Yearly,Ex Battalion,Pop
Atin,Ex Battalion,Pop
Chismis,Ex Battalion,Pop
Tagapagligtas,Ex Battalion,Pop
Fun,Ex Battalion,Pop
Legacy,Ex Battalion,Pop
For Me,Ex Battalion,Pop
43x,Ex Battalion,Pop
Hamig,Ex Battalion,Pop
All Night,Ex Battalion,Pop
Sagip,Jan Roberts,Pop
Hirap Kalimutan,Jan Roberts,Pop
Patlang,Jan Roberts,Pop
U-Belt,Jan Roberts,Pop
Escolta,Jan Roberts,Pop
Binibini,Jan Roberts,Pop
Hingalo,Jan Roberts,Pop
Noche Buena,Jan Roberts,Pop
Sagip – Hanggang Dulo,Jan Roberts,Pop
Luha,Adie,Love
Paraluman,Adie,Love
Dungaw,Adie,Love
Sawa Na,Adie,Love
Tahanan,Adie,Love
You’ll Be Safe Here,Adie,Love
Mahika (with Janine Berdin),Adie,Love
Kabado,Adie,Love
Tinatangi (feat. Chrstn),Adie,Love
G.K.Y.A.M.,Adie,Love
Nobya,Adie,Love
Closer You and I,Adie,Love
Ms. Pakipot,Adie,Love
Tibok,Earl Agustin,Pop
Dalangin,Earl Agustin,Pop
Dito Sa’kin,Earl Agustin,Pop
Aya,Earl Agustin,Pop
Pag-Ibig ng Ikaw at Ako,Earl Agustin,Love
Tayong Dalawa,Earl Agustin,Love
Basin Puhon,Earl Agustin,Pop
Minamahal (with Dana Paulene),Earl Agustin,Love
Suntok Sa Buwan,Earl Agustin,Pop
Malaya,Moira Dela Torre,Love
Tagpuan,Moira Dela Torre,Love
Paubaya,Moira Dela Torre,Love
Ikaw At Ako,Moira Dela Torre,Love
Titibo-Tibo,Moira Dela Torre,Love
Mabagal,Moira Dela Torre,Love
Torete,Moira Dela Torre,Love
Kung ‘Di Rin Lang Ikaw,Moira Dela Torre,Love
Babalik Sa’yo,Moira Dela Torre,Love
Before It Sinks In,Moira Dela Torre,Love
Beautiful Scars,Moira Dela Torre,Love
Patawad,Moira Dela Torre,Love
Paalam,Moira Dela Torre,Love
Ang Iwasan,Moira Dela Torre,Love
Ikaw Pa Rin,Moira Dela Torre,Love
Sabi Ng Lola,Moira Dela Torre,Love
E.D.S.A. – Emosyong Dinaan Sa Awit,Moira Dela Torre,Love
Hanggang Sa Huli,Moira Dela Torre,Love
Unbreakable,Moira Dela Torre,Love
I’m Okay,Moira Dela Torre,Love
Where It All Started,Moira Dela Torre,Love
Under The Bathroom Sink,Moira Dela Torre,Love
Bandaid,Moira Dela Torre,Love
Red Flags,Moira Dela Torre,Love
Umpisa,Moira Dela Torre,Love
Ghosts,Moira Dela Torre,Love
San Ka Na,Moira Dela Torre,Love
Delusional,Moira Dela Torre,Love
Gaslighter,Moira Dela Torre,Love
Wonder,Moira Dela Torre,Love
Dinggin,Moira Dela Torre,Love
Ikaw at Sila,Moira Dela Torre,Love
Buwan Tala,Ben&Ben,Pop
Gabi Araw,Ben&Ben,Indie
Haplos Damdamin,Ben&Ben,Pop
Tingin Kuwento,Ben&Ben,Indie
Pintig Kulay,Ben&Ben,Pop
Lakad Sulyap,Ben&Ben,Pop
Himig Sana,Ben&Ben,Pop
Hangin Sinta,Ben&Ben,Pop
Lihim Pag-ibig,Ben&Ben,Sad
Tamis Layo,Ben&Ben,Pop
Balik Alaala,Zack Tabudlo,Love
Bitaw Saan,Zack Tabudlo,Love
Tayo Nawala,Zack Tabudlo,Love
Sabay Alon,Zack Tabudlo,Love
Talao Sulyap,Zack Tabudlo,Love
Sigaw Tahimik,Zack Tabudlo,Love
Lapis Kulay,Zack Tabudlo,Love
Tulay Takipsilim,Zack Tabudlo,Love
Sulyap Sigaw (Acoustic),Zack Tabudlo,Love
Buwan Gabi,December Avenue,Pop
Tala Araw,December Avenue,Pop
Haplos Damdamin,December Avenue,Pop
Tingin Kuwento,December Avenue,Pop
Pintig Kulay,December Avenue,Pop
Lakad Sulyap,December Avenue,Pop
Himig Sana,December Avenue,Pop
Hangin Sinta,December Avenue,Pop
Lihim Pag-ibig,December Avenue,Love
Sana Tayo,December Avenue,Love
Tamis Layo,Juan Karlos,Pop
Balik Alaala,Juan Karlos,Pop
Bitaw Saan,Juan Karlos,Pop
Tayo Nawala,Juan Karlos,Pop
Sabay Alon,Juan Karlos,Pop
Talao Sulyap,Juan Karlos,Pop
Sigaw Tahimik,Juan Karlos,Pop
Lapis Kulay,Juan Karlos,Pop
Tulay Takipsilim,Juan Karlos,Pop
Sulyap Sigaw,SB19,Pop
Buwan Gabi,SB19,Pop
Tala Araw,SB19,Pop
Haplos Damdamin,SB19,Pop
Tingin Kuwento,SB19,Pop
Pintig Kulay,SB19,Pop
Lakad Sulyap,SB19,Pop
Himig Sana,SB19,Pop
Hangin Sinta,SB19,Pop
Lihim Pag-ibig,SB19,Pop
Tamis Layo,Lola Amour,Pop
Balik Alaala,Lola Amour,Pop
Bitaw Saan,Lola Amour,Pop
Tayo Nawala,Lola Amour,Love
Sabay Alon,Lola Amour,Pop
Talao Sulyap,Lola Amour,Pop
Sigaw Tahimik,Lola Amour,Pop
Lapis Kulay,Lola Amour,Pop
Tulay Takipsilim,Lola Amour,Pop
Sulyap Sigaw,Al James,Pop
Buwan Gabi,Al James,Pop
Tala Araw,Al James,Pop
Haplos Damdamin,Al James,Pop
Tingin Kuwento,Al James,Pop
Pintig Kulay,Al James,Pop
Lakad Sulyap,Al James,Pop
Himig Sana,Al James,Pop
Hangin Sinta,Al James,Pop
Lihim Pag-ibig,Al James,Love
Tamis Layo,Unique Salonga,Pop
Balik Alaala,Unique Salonga,Pop
Bitaw Saan,Unique Salonga,Pop
Tayo Nawala,Unique Salonga,Love
Sabay Alon,Unique Salonga,Pop
Talao Sulyap,Unique Salonga,Pop
Sigaw Tahimik,Unique Salonga,Pop
Lapis Kulay,Unique Salonga,Pop
Tulay Takipsilim,Unique Salonga,Pop
Sulyap Sigaw,IV of Spades,Pop
Buwan Gabi,IV of Spades,Pop
Tala Araw,IV of Spades,Pop
Haplos Damdamin,IV of Spades,Pop
Tingin Kuwento,IV of Spades,Pop
Pintig Kulay,IV of Spades,Pop
Lakad Sulyap,IV of Spades,Pop
Himig Sana,IV of Spades,Pop
Hangin Sinta,IV of Spades,Pop
Lihim Pag-ibig,IV of Spades,Love
Tamis Layo,Autotelic,Pop
Balik Alaala,Autotelic,Pop
Bitaw Saan,Autotelic,Pop
Tayo Nawala,Autotelic,Pop
Sabay Alon,Autotelic,Pop
Talao Sulyap,Autotelic,Pop
Sigaw Tahimik,Autotelic,Pop
Lapis Kulay,Autotelic,Pop
Tulay Takipsilim,Autotelic,Pop
Sulyap Sigaw,Leanne & Naara,Pop
Buwan Gabi,Leanne & Naara,Pop
Tala Araw,Leanne & Naara,Pop
Haplos Damdamin,Leanne & Naara,Pop
Tingin Kuwento,Leanne & Naara,Pop
Pintig Kulay,Leanne & Naara,Pop
Lakad Sulyap,Leanne & Naara,Pop
Himig Sana,Leanne & Naara,Pop
Hangin Sinta,Leanne & Naara,Pop
Lihim Pag-ibig,Leanne & Naara,Love
Tamis Layo,The Juans,Pop
Balik Alaala,The Juans,Pop
Bitaw Saan,The Juans,Pop
Tayo Nawala,The Juans,Love
Sabay Alon,The Juans,Pop
Talao Sulyap,The Juans,Pop
Sigaw Tahimik,The Juans,Pop
Lapis Kulay,The Juans,Pop
Tulay Takipsilim,The Juans,Pop
Sulyap Sigaw,Janine Teñoso,Pop
Buwan Gabi,Janine Teñoso,Pop
Tala Araw,Janine Teñoso,Pop
Haplos Damdamin,Janine Teñoso,Pop
Tingin Kuwento,Janine Teñoso,Pop
Pintig Kulay,Janine Teñoso,Pop
Lakad Sulyap,Janine Teñoso,Pop
Himig Sana,Janine Teñoso,Pop
Hangin Sinta,Janine Teñoso,Pop
Lihim Pag-ibig,Janine Teñoso,Love
Tamis Layo,Clara Benin,Pop
Balik Alaala,Clara Benin,Pop
Bitaw Saan,Clara Benin,Pop
Tayo Nawala,Clara Benin,Love
Sabay Alon,Clara Benin,Pop
Talao Sulyap,Clara Benin,Pop
Sigaw Tahimik,Clara Benin,Pop
Lapis Kulay,Clara Benin,Pop
Tulay Takipsilim,Clara Benin,Pop
Sulyap Sigaw,Reese Lansangan,Pop
Buwan Gabi,Reese Lansangan,Pop
Tala Araw,Reese Lansangan,Pop
Haplos Damdamin,Reese Lansangan,Pop
Tingin Kuwento,Reese Lansangan,Pop
Pintig Kulay,Reese Lansangan,Pop
Lakad Sulyap,Reese Lansangan,Pop
Himig Sana,Reese Lansangan,Pop
Hangin Sinta,Reese Lansangan,Pop
Lihim Pag-ibig,Reese Lansangan,Love
Tamis Layo,Shanti Dope,Rap
Balik Alaala,Shanti Dope,Rap
Bitaw Saan,Shanti Dope,Rap
Tayo Nawala,Shanti Dope,Rap
Sabay Alon,Shanti Dope,Rap
Talao Sulyap,Shanti Dope,Rap
Sigaw Tahimik,Shanti Dope,Rap
Lapis Kulay,Shanti Dope,Rap
Tulay Takipsilim,Shanti Dope,Rap
Sulyap Sigaw,KZ Tandingan,Pop
Buwan Gabi,KZ Tandingan,Pop
Tala Araw,KZ Tandingan,Pop
Haplos Damdamin,KZ Tandingan,Pop
Tingin Kuwento,KZ Tandingan,Pop
Pintig Kulay,KZ Tandingan,Pop
Lakad Sulyap,KZ Tandingan,Pop
Himig Sana,KZ Tandingan,Pop
Hangin Sinta,KZ Tandingan,Pop
Lihim Pag-ibig,KZ Tandingan,Love
Tamis Layo,Gloc-9,Rap
Balik Alaala,Gloc-9,Rap
Bitaw Saan,Gloc-9,Rap
Tayo Nawala,Gloc-9,Rap
Sabay Alon,Gloc-9,Rap
Talao Sulyap,Gloc-9,Rap
Sigaw Tahimik,Gloc-9,Rap
Lapis Kulay,Gloc-9,Rap
Tulay Takipsilim,Gloc-9,Rap
Sulyap Sigaw,Munimuni,Pop
Buwan Gabi,Munimuni,Pop
Tala Araw,Munimuni,Pop
Haplos Damdamin,Munimuni,Pop
Tingin Kuwento,Munimuni,Pop
Pintig Kulay,Munimuni,Pop
Lakad Sulyap,Munimuni,Pop
Himig Sana,Munimuni,Pop
Hangin Sinta,Munimuni,Pop
Lihim Pag-ibig,Munimuni,Love
Tamis Layo,SunKissed Lola,Pop
Balik Alaala,SunKissed Lola,Pop
Bitaw Saan,SunKissed Lola,Pop
Tayo Nawala,SunKissed Lola,Love
Sabay Alon,SunKissed Lola,Pop
Talao Sulyap,SunKissed Lola,Pop
Sigaw Tahimik,SunKissed Lola,Pop
Lapis Kulay,SunKissed Lola,Pop
Tulay Takipsilim,SunKissed Lola,Pop
Sulyap Sigaw,Moonsong,Pop
Buwan Gabi,Moonsong,Pop
Tala Araw,Moonsong,Pop
Haplos Damdamin,Moonsong,Pop
Tingin Kuwento,Moonsong,Pop
Pintig Kulay,Moonsong,Pop
Lakad Sulyap,Moonsong,Pop
Himig Sana,Moonsong,Pop
Hangin Sinta,Moonsong,Pop
Lihim Pag-ibig,Moonsong,Love
Tamis Layo,Cueshe,Pop
Balik Alaala,Cueshe,Pop
Bitaw Saan,Cueshe,Pop
Tayo Nawala,Cueshe,Love
Sabay Alon,Cueshe,Pop
Talao Sulyap,Cueshe,Pop
Sigaw Tahimik,Cueshe,Pop
Lapis Kulay,Cueshe,Pop
Tulay Takipsilim,Cueshe,Pop
Sulyap Sigaw,Up Dharma Down,Pop
Buwan Gabi,Up Dharma Down,Pop
Tala Araw,Up Dharma Down,Pop
Haplos Damdamin,Up Dharma Down,Pop
Tingin Kuwento,Up Dharma Down,Pop
Pintig Kulay,Up Dharma Down,Pop
Lakad Sulyap,Up Dharma Down,Pop
Himig Sana,Up Dharma Down,Pop
Hangin Sinta,Up Dharma Down,Pop
Lihim Pag-ibig,Up Dharma Down,Love
Tamis Layo,Sam Mangubat,Pop
Balik Alaala,Sam Mangubat,Pop
Bitaw Saan,Sam Mangubat,Pop
Tayo Nawala,Sam Mangubat,Love
Sabay Alon,Sam Mangubat,Pop
Talao Sulyap,Sam Mangubat,Pop
Sigaw Tahimik,Sam Mangubat,Pop
Lapis Kulay,Sam Mangubat,Pop
Tulay Takipsilim,Sam Mangubat,Pop
Sulyap Sigaw,Aegis,Pop
Buwan Gabi,Aegis,Pop
Tala Araw,Aegis,Pop
Haplos Damdamin,Aegis,Pop
Tingin Kuwento,Aegis,Pop
Pintig Kulay,Aegis,Pop
Lakad Sulyap,Aegis,Pop
Himig Sana,Aegis,Pop
Hangin Sinta,Aegis,Pop
Lihim Pag-ibig,Aegis,Love
Tamis Layo,Agsunta,Pop
Balik Alaala,Agsunta,Pop
Bitaw Saan,Agsunta,Pop
Tayo Nawala,Agsunta,Love
Sabay Alon,Agsunta,Pop
Talao Sulyap,Agsunta,Pop
Sigaw Tahimik,Agsunta,Pop
Lapis Kulay,Agsunta,Pop
Tulay Takipsilim,Agsunta,Pop
Sulyap Sigaw,Gyro,Pop
Buwan Gabi,Gyro,Pop
Tala Araw,Gyro,Pop
Haplos Damdamin,Gyro,Pop
Tingin Kuwento,Gyro,Pop
Pintig Kulay,Gyro,Pop
Lakad Sulyap,Gyro,Pop
Himig Sana,Gyro,Pop
Hangin Sinta,Gyro,Pop
Lihim Pag-ibig,Gyro,Love
Tamis Layo,Neocolours,Pop
Balik Alaala,Neocolours,Pop
Bitaw Saan,Neocolours,Pop
Tayo Nawala,Neocolours,Love
Sabay Alon,Neocolours,Pop
Talao Sulyap,Neocolours,Pop
Sigaw Tahimik,Neocolours,Pop
Lapis Kulay,Neocolours,Pop
Tulay Takipsilim,Neocolours,Pop
Sulyap Sigaw,Sponge Cola,Rock
Buwan Gabi,Sponge Cola,Rock
Tala Araw,Sponge Cola,Rock
Haplos Damdamin,Sponge Cola,Rock
Tingin Kuwento,Sponge Cola,Rock
Pintig Kulay,Sponge Cola,Rock
Lakad Sulyap,Sponge Cola,Rock
Himig Sana,Sponge Cola,Rock
Hangin Sinta,Sponge Cola,Rock
Lihim Pag-ibig,Sponge Cola,Rock
Tamis Layo,Ebe Dancel,Pop
Balik Alaala,Ebe Dancel,Pop
Bitaw Saan,Ebe Dancel,Pop
Tayo Nawala,Ebe Dancel,Love
Sabay Alon,Ebe Dancel,Pop
Talao Sulyap,Ebe Dancel,Pop
Sigaw Tahimik,Ebe Dancel,Pop
Lapis Kulay,Ebe Dancel,Pop
Tulay Takipsilim,Ebe Dancel,Pop
Sulyap Sigaw,Levi's Band,Pop
Buwan Gabi,Levi's Band,Pop
Tala Araw,Levi's Band,Pop
Haplos Damdamin,Levi's Band,Pop
Tingin Kuwento,Levi's Band,Pop
Pintig Kulay,Levi's Band,Pop
Lakad Sulyap,Levi's Band,Pop
Himig Sana,Levi's Band,Pop
Hangin Sinta,Levi's Band,Pop
Lihim Pag-ibig,Levi's Band,Love
Tamis Layo,Morissette,Pop
Balik Alaala,Morissette,Pop
Bitaw Saan,Morissette,Pop
Tayo Nawala,Morissette,Love
Sabay Alon,Morissette,Pop
Talao Sulyap,Morissette,Pop
Sigaw Tahimik,Morissette,Pop
Lapis Kulay,Morissette,Pop
Tulay Takipsilim,Morissette,Pop
Sulyap Sigaw,Jason Dhakal,Pop
Buwan Gabi,Jason Dhakal,Pop
Tala Araw,Jason Dhakal,Pop
Haplos Damdamin,Jason Dhakal,Pop
Tingin Kuwento,Jason Dhakal,Pop
Pintig Kulay,Jason Dhakal,Pop
Lakad Sulyap,Jason Dhakal,Pop
Himig Sana,Jason Dhakal,Pop
Hangin Sinta,Jason Dhakal,Pop
Lihim Pag-ibig,Jason Dhakal,Love
Tamis Layo,Keiko Necesario,Pop
Balik Alaala,Keiko Necesario,Pop
Bitaw Saan,Keiko Necesario,Pop
Tayo Nawala,Keiko Necesario,Love
Sabay Alon,Keiko Necesario,Pop
Talao Sulyap,Keiko Necesario,Pop
Sigaw Tahimik,Keiko Necesario,Pop
Lapis Kulay,Keiko Necesario,Pop
Tulay Takipsilim,Keiko Necesario,Pop
Sulyap Sigaw,SURU,Pop
Buwan Gabi,SURU,Pop
Tala Araw,SURU,Pop
Haplos Damdamin,SURU,Pop
Tingin Kuwento,SURU,Pop
Pintig Kulay,SURU,Pop
Lakad Sulyap,SURU,Pop
Himig Sana,SURU,Pop
Hangin Sinta,SURU,Pop
Lihim Pag-ibig,SURU,Love
Tamis Layo,Juan Miguel,Pop
Balik Alaala,Juan Miguel,Pop
Bitaw Saan,Juan Miguel,Pop
Tayo Nawala,Juan Miguel,Love
Sabay Alon,Juan Miguel,Pop
Talao Sulyap,Juan Miguel,Pop
Sigaw Tahimik,Juan Miguel,Pop
Lapis Kulay,Juan Miguel,Pop
Tulay Takipsilim,Juan Miguel,Pop
Sulyap Sigaw,The Itchyworms,Pop
Buwan Gabi,The Itchyworms,Pop
Tala Araw,The Itchyworms,Pop
Haplos Damdamin,The Itchyworms,Pop
Tingin Kuwento,The Itchyworms,Pop
Pintig Kulay,The Itchyworms,Pop
Lakad Sulyap,The Itchyworms,Pop
Himig Sana,The Itchyworms,Pop
Hangin Sinta,The Itchyworms,Pop
Lihim Pag-ibig,The Itchyworms,Love
Tamis Layo,IV of Spades (feat),Pop
Balik Alaala,IV of Spades (feat),Pop
Bitaw Saan,IV of Spades (feat),Pop
Tayo Nawala,IV of Spades (feat),Love
Sabay Alon,IV of Spades (feat),Pop
Talao Sulyap,IV of Spades (feat),Pop
Sigaw Tahimik,IV of Spades (feat),Pop
Lapis Kulay,IV of Spades (feat),Pop
Tulay Takipsilim,IV of Spades (feat),Pop
Sulyap Sigaw,December Avenue (Acoustic),Pop
Buwan Gabi,December Avenue (Acoustic),Pop
Tala Araw,December Avenue (Acoustic),Pop
Haplos Damdamin,December Avenue (Acoustic),Pop
Tingin Kuwento,December Avenue (Acoustic),Pop
Pintig Kulay,December Avenue (Acoustic),Pop
Lakad Sulyap,December Avenue (Acoustic),Pop
Himig Sana,December Avenue (Acoustic),Pop
Hangin Sinta,December Avenue (Acoustic),Pop
Lihim Pag-ibig,December Avenue (Acoustic),Love
Tamis Layo,Unique Salonga (Solo),Pop
Balik Alaala,Unique Salonga (Solo),Pop
Bitaw Saan,Unique Salonga (Solo),Pop
Tayo Nawala,Unique Salonga (Solo),Love
Sabay Alon,Unique Salonga (Solo),Pop
Talao Sulyap,Unique Salonga (Solo),Pop
Sigaw Tahimik,Unique Salonga (Solo),Pop
Lapis Kulay,Unique Salonga (Solo),Pop
Tulay Takipsilim,Unique Salonga (Solo),Pop
Sulyap Sigaw,Zild,Pop
Buwan Gabi,Zild,Pop
Tala Araw,Zild,Indie
Haplos Damdamin,Zild,Pop
Tingin Kuwento,Zild,Indie
Pintig Kulay,Zild,Pop
Lakad Sulyap,Zild,Pop
Himig Sana,Zild,Pop
Hangin Sinta,Zild,Pop
Lihim Pag-ibig,Zild,Sad
Tamis Layo,Sud,Pop
Balik Alaala,Sud,Pop
Bitaw Saan,Sud,Pop
Tayo Nawala,Sud,Love
Sabay Alon,Sud,Pop
Talao Sulyap,Sud,Pop
Sigaw Tahimik,Sud,Pop
Lapis Kulay,Sud,Pop
Tulay Takipsilim,Sud,Pop
Sulyap Sigaw,Ben&Ben Acoustic,Pop
Buwan Gabi,Ben&Ben Acoustic,Pop
Tala Araw,Ben&Ben Acoustic,Indie
Haplos Damdamin,Ben&Ben Acoustic,Pop
Tingin Kuwento,Ben&Ben Acoustic,Indie
Pintig Kulay,Ben&Ben Acoustic,Pop
Lakad Sulyap,Ben&Ben Acoustic,Pop
Himig Sana,Ben&Ben Acoustic,Pop
Hangin Sinta,Ben&Ben Acoustic,Pop
Lihim Pag-ibig,Ben&Ben Acoustic,Sad
Tamis Layo,IV of Spades (feat),Pop
Balik Alaala,IV of Spades (feat),Pop
Bitaw Saan,IV of Spades (feat),Pop
Tayo Nawala,IV of Spades (feat),Love
Sabay Alon,IV of Spades (feat),Pop
Talao Sulyap,IV of Spades (feat),Pop
Sigaw Tahimik,IV of Spades (feat),Pop
Lapis Kulay,IV of Spades (feat),Pop
Tulay Takipsilim,IV of Spades (feat),Pop
Sulyap Sigaw,Gyro,Pop
Buwan Gabi,Gyro,Pop
Tala Araw,Gyro,Pop
Haplos Damdamin,Gyro,Pop
Tingin Kuwento,Gyro,Pop
Pintig Kulay,Gyro,Pop
Lakad Sulyap,Gyro,Pop
Himig Sana,Gyro,Pop
Hangin Sinta,Gyro,Pop
Lihim Pag-ibig,Gyro,Love
Tamis Layo,Neocolours,Pop
Balik Alaala,Neocolours,Pop
Bitaw Saan,Neocolours,Pop
Tayo Nawala,Neocolours,Love
Sabay Alon,Neocolours,Pop
Talao Sulyap,Neocolours,Pop
Sigaw Tahimik,Neocolours,Pop
Lapis Kulay,Neocolours,Pop
Tulay Takipsilim,Neocolours,Pop
Sulyap Sigaw,Sponge Cola,Rock
Buwan Gabi,Sponge Cola,Rock
Tala Araw,Sponge Cola,Rock
Haplos Damdamin,Sponge Cola,Rock
Tingin Kuwento,Sponge Cola,Rock
Pintig Kulay,Sponge Cola,Rock
Lakad Sulyap,Sponge Cola,Rock
Himig Sana,Sponge Cola,Rock
Hangin Sinta,Sponge Cola,Rock
Lihim Pag-ibig,Sponge Cola,Rock
Tamis Layo,Ebe Dancel,Pop
Balik Alaala,Ebe Dancel,Pop
Bitaw Saan,Ebe Dancel,Pop
Tayo Nawala,Ebe Dancel,Love
Sabay Alon,Ebe Dancel,Pop
Talao Sulyap,Ebe Dancel,Pop
Sigaw Tahimik,Ebe Dancel,Pop
Lapis Kulay,Ebe Dancel,Pop
Tulay Takipsilim,Ebe Dancel,Pop
Sulyap Sigaw,Levi's Band,Pop
Buwan Gabi,Levi's Band,Pop
Tala Araw,Levi's Band,Pop
Haplos Damdamin,Levi's Band,Pop
Tingin Kuwento,Levi's Band,Pop
Pintig Kulay,Levi's Band,Pop
Lakad Sulyap,Levi's Band,Pop
Himig Sana,Levi's Band,Pop
Hangin Sinta,Levi's Band,Pop
Lihim Pag-ibig,Levi's Band,Love
Tamis Layo,Morissette,Pop
Balik Alaala,Morissette,Pop
Bitaw Saan,Morissette,Pop
Tayo Nawala,Morissette,Love
Sabay Alon,Morissette,Pop
Talao Sulyap,Morissette,Pop
Sigaw Tahimik,Morissette,Pop
Lapis Kulay,Morissette,Pop
Tulay Takipsilim,Morissette,Pop
Sulyap Sigaw,Jason Dhakal,Pop
Buwan Gabi,Jason Dhakal,Pop
Tala Araw,Jason Dhakal,Pop
Haplos Damdamin,Jason Dhakal,Pop
Tingin Kuwento,Jason Dhakal,Pop
Pintig Kulay,Jason Dhakal,Pop
Lakad Sulyap,Jason Dhakal,Pop
Himig Sana,Jason Dhakal,Pop
Hangin Sinta,Jason Dhakal,Pop
Lihim Pag-ibig,Jason Dhakal,Love
Tamis Layo,Keiko Necesario,Pop
Balik Alaala,Keiko Necesario,Pop
Bitaw Saan,Keiko Necesario,Pop
Tayo Nawala,Keiko Necesario,Love
Sabay Alon,Keiko Necesario,Pop
Talao Sulyap,Keiko Necesario,Pop
Sigaw Tahimik,Keiko Necesario,Pop
Lapis Kulay,Keiko Necesario,Pop
Tulay Takipsilim,Keiko Necesario,Pop
Sulyap Sigaw,SURU,Pop
Buwan Gabi,SURU,Pop
Tala Araw,SURU,Pop
Haplos Damdamin,SURU,Pop
Tingin Kuwento,SURU,Pop
Pintig Kulay,SURU,Pop
Lakad Sulyap,SURU,Pop
Himig Sana,SURU,Pop
Hangin Sinta,SURU,Pop
Lihim Pag-ibig,SURU,Love
Tamis Layo,Juan Miguel,Pop
Balik Alaala,Juan Miguel,Pop
Bitaw Saan,Juan Miguel,Pop
Tayo Nawala,Juan Miguel,Love
Sabay Alon,Juan Miguel,Pop
Talao Sulyap,Juan Miguel,Pop
Sigaw Tahimik,Juan Miguel,Pop
Lapis Kulay,Juan Miguel,Pop
Tulay Takipsilim,Juan Miguel,Pop
Sulyap Sigaw,The Itchyworms,Pop
Buwan Gabi,The Itchyworms,Pop
Tala Araw,The Itchyworms,Pop
Haplos Damdamin,The Itchyworms,Pop
Tingin Kuwento,The Itchyworms,Pop
Pintig Kulay,The Itchyworms,Pop
Lakad Sulyap,The Itchyworms,Pop
Himig Sana,The Itchyworms,Pop
Hangin Sinta,The Itchyworms,Pop
Lihim Pag-ibig,The Itchyworms,Love
Tamis Layo,IV of Spades (feat),Pop
Balik Alaala,IV of Spades (feat),Pop
Bitaw Saan,IV of Spades (feat),Pop
Tayo Nawala,IV of Spades (feat),Love
Sabay Alon,IV of Spades (feat),Pop
Talao Sulyap,IV of Spades (feat),Pop
Sigaw Tahimik,IV of Spades (feat),Pop
Lapis Kulay,IV of Spades (feat),Pop
Tulay Takipsilim,IV of Spades (feat),Pop
Sulyap Sigaw,December Avenue (Acoustic),Pop
Buwan Gabi,December Avenue (Acoustic),Pop
Tala Araw,December Avenue (Acoustic),Pop
Haplos Damdamin,December Avenue (Acoustic),Pop
Tingin Kuwento,December Avenue (Acoustic),Pop
Pintig Kulay,December Avenue (Acoustic),Pop
Lakad Sulyap,December Avenue (Acoustic),Pop
Himig Sana,December Avenue (Acoustic),Pop
Hangin Sinta,December Avenue (Acoustic),Pop
Lihim Pag-ibig,December Avenue (Acoustic),Love
Tamis Layo,Unique Salonga (Solo),Pop
Balik Alaala,Unique Salonga (Solo),Pop
Bitaw Saan,Unique Salonga (Solo),Pop
Tayo Nawala,Unique Salonga (Solo),Love
Sabay Alon,Unique Salonga (Solo),Pop
Talao Sulyap,Unique Salonga (Solo),Pop
Sigaw Tahimik,Unique Salonga (Solo),Pop
Lapis Kulay,Unique Salonga (Solo),Pop
Tulay Takipsilim,Unique Salonga (Solo),Pop
Sulyap Sigaw,Zild,Pop
Buwan Gabi,Zild,Pop
Tala Araw,Zild,Indie
Haplos Damdamin,Zild,Pop
Tingin Kuwento,Zild,Indie
Pintig Kulay,Zild,Pop
Lakad Sulyap,Zild,Pop
Himig Sana,Zild,Pop
Hangin Sinta,Zild,Pop
Lihim Pag-ibig,Zild,Sad
Tamis Layo,Sud,Pop
Balik Alaala,Sud,Pop
Bitaw Saan,Sud,Pop
Tayo Nawala,Sud,Love
Sabay Alon,Sud,Pop
Talao Sulyap,Sud,Pop
Sigaw Tahimik,Sud,Pop
Lapis Kulay,Sud,Pop
Tulay Takipsilim,Sud,Pop
Sulyap Sigaw,Ben&Ben Acoustic,Pop
Buwan Gabi,Ben&Ben Acoustic,Pop
Tala Araw,Ben&Ben Acoustic,Indie
Haplos Damdamin,Ben&Ben Acoustic,Pop
Tingin Kuwento,Ben&Ben Acoustic,Indie
Pintig Kulay,Ben&Ben Acoustic,Pop
Lakad Sulyap,Ben&Ben Acoustic,Pop
Himig Sana,Ben&Ben Acoustic,Pop
Hangin Sinta,Ben&Ben Acoustic,Pop
Lihim Pag-ibig,Ben&Ben Acoustic,Sad
Tamis Layo,IV of Spades (feat),Pop
Balik Alaala,IV of Spades (feat),Pop
Bitaw Saan,IV of Spades (feat),Pop
Tayo Nawala,IV of Spades (feat),Love
Sabay Alon,IV of Spades (feat),Pop
Talao Sulyap,IV of Spades (feat),Pop
Sigaw Tahimik,IV of Spades (feat),Pop
Lapis Kulay,IV of Spades (feat),Pop
Tulay Takipsilim,IV of Spades (feat),Pop
Sulyap Sigaw,Gyro,Pop
Buwan Gabi,Gyro,Pop
Tala Araw,Gyro,Pop
Haplos Damdamin,Gyro,Pop
Tingin Kuwento,Gyro,Pop
Pintig Kulay,Gyro,Pop
Lakad Sulyap,Gyro,Pop
Himig Sana,Gyro,Pop
Hangin Sinta,Gyro,Pop
Lihim Pag-ibig,Gyro,Love
Tamis Layo,Neocolours,Pop
Balik Alaala,Neocolours,Pop
Bitaw Saan,Neocolours,Pop
Tayo Nawala,Neocolours,Love
Sabay Alon,Neocolours,Pop
Talao Sulyap,Neocolours,Pop
Sigaw Tahimik,Neocolours,Pop
Lapis Kulay,Neocolours,Pop
Tulay Takipsilim,Neocolours,Pop
Sulyap Sigaw,Sponge Cola,Rock
Buwan Gabi,Sponge Cola,Rock
Tala Araw,Sponge Cola,Rock
Haplos Damdamin,Sponge Cola,Rock
Tingin Kuwento,Sponge Cola,Rock
Pintig Kulay,Sponge Cola,Rock
Lakad Sulyap,Sponge Cola,Rock
Himig Sana,Sponge Cola,Rock
Hangin Sinta,Sponge Cola,Rock
Lihim Pag-ibig,Sponge Cola,Rock
Tamis Layo,Ebe Dancel,Pop
Balik Alaala,Ebe Dancel,Pop
Bitaw Saan,Ebe Dancel,Pop
Tayo Nawala,Ebe Dancel,Love
Sabay Alon,Ebe Dancel,Pop
Talao Sulyap,Ebe Dancel,Pop
Sigaw Tahimik,Ebe Dancel,Pop
Lapis Kulay,Ebe Dancel,Pop
Tulay Takipsilim,Ebe Dancel,Pop
Sulyap Sigaw,Levi's Band,Pop
Buwan Gabi,Levi's Band,Pop
Tala Araw,Levi's Band,Pop
Haplos Damdamin,Levi's Band,Pop
Tingin Kuwento,Levi's Band,Pop
Pintig Kulay,Levi's Band,Pop
Lakad Sulyap,Levi's Band,Pop
Himig Sana,Levi's Band,Pop
Hangin Sinta,Levi's Band,Pop
Lihim Pag-ibig,Levi's Band,Love
Tamis Layo,Morissette,Pop
Balik Alaala,Morissette,Pop
Bitaw Saan,Morissette,Pop
Tayo Nawala,Morissette,Love
Sabay Alon,Morissette,Pop
Talao Sulyap,Morissette,Pop
Sigaw Tahimik,Morissette,Pop
Lapis Kulay,Morissette,Pop
Tulay Takipsilim,Morissette,Pop
Sulyap Sigaw,Jason Dhakal,Pop
Buwan Gabi,Jason Dhakal,Pop
Tala Araw,Jason Dhakal,Pop
Haplos Damdamin,Jason Dhakal,Pop
Tingin Kuwento,Jason Dhakal,Pop
Pintig Kulay,Jason Dhakal,Pop
Lakad Sulyap,Jason Dhakal,Pop
Himig Sana,Jason Dhakal,Pop
Hangin Sinta,Jason Dhakal,Pop
Lihim Pag-ibig,Jason Dhakal,Love
Tamis Layo,Keiko Necesario,Pop
Balik Alaala,Keiko Necesario,Pop
Bitaw Saan,Keiko Necesario,Pop
Tayo Nawala,Keiko Necesario,Love
Sabay Alon,Keiko Necesario,Pop
Talao Sulyap,Keiko Necesario,Pop
Sigaw Tahimik,Keiko Necesario,Pop
Lapis Kulay,Keiko Necesario,Pop
Tulay Takipsilim,Keiko Necesario,Pop
Sulyap Sigaw,SURU,Pop
Buwan Gabi,SURU,Pop
Tala Araw,SURU,Pop
Haplos Damdamin,SURU,Pop
Tingin Kuwento,SURU,Pop
Pintig Kulay,SURU,Pop
Lakad Sulyap,SURU,Pop
Himig Sana,SURU,Pop
Hangin Sinta,SURU,Pop
Lihim Pag-ibig,SURU,Love
Tamis Layo,Juan Miguel,Pop
Balik Alaala,Juan Miguel,Pop
Bitaw Saan,Juan Miguel,Pop
Tayo Nawala,Juan Miguel,Love
Sabay Alon,Juan Miguel,Pop
Talao Sulyap,Juan Miguel,Pop
Sigaw Tahimik,Juan Miguel,Pop
Lapis Kulay,Juan Miguel,Pop
Tulay Takipsilim,Juan Miguel,Pop
Sulyap Sigaw,The Itchyworms,Pop
Buwan Gabi,The Itchyworms,Pop
Tala Araw,The Itchyworms,Pop
Haplos Damdamin,The Itchyworms,Pop
Tingin Kuwento,The Itchyworms,Pop
Pintig Kulay,The Itchyworms,Pop
Lakad Sulyap,The Itchyworms,Pop
Himig Sana,The Itchyworms,Pop
Hangin Sinta,The Itchyworms,Pop
Lihim Pag-ibig,The Itchyworms,Love
Tamis Layo,IV of Spades (feat),Pop
Balik Alaala,IV of Spades (feat),Pop
Bitaw Saan,IV of Spades (feat),Pop
Tayo Nawala,IV of Spades (feat),Love
Sabay Alon,IV of Spades (feat),Pop
Talao Sulyap,IV of Spades (feat),Pop
Sigaw Tahimik,IV of Spades (feat),Pop
Lapis Kulay,IV of Spades (feat),Pop
Tulay Takipsilim,IV of Spades (feat),Pop
Sulyap Sigaw,December Avenue (Acoustic),Pop
Buwan Gabi,December Avenue (Acoustic),Pop
Tala Araw,December Avenue (Acoustic),Pop
Haplos Damdamin,December Avenue (Acoustic),Pop
Tingin Kuwento,December Avenue (Acoustic),Pop
Pintig Kulay,December Avenue (Acoustic),Pop
Lakad Sulyap,December Avenue (Acoustic),Pop
Himig Sana,December Avenue (Acoustic),Pop
Hangin Sinta,December Avenue (Acoustic),Pop
Lihim Pag-ibig,December Avenue (Acoustic),Love
Tamis Layo,Unique Salonga (Solo),Pop
Balik Alaala,Unique Salonga (Solo),Pop
Bitaw Saan,Unique Salonga (Solo),Pop
Tayo Nawala,Unique Salonga (Solo),Love
Sabay Alon,Unique Salonga (Solo),Pop
Talao Sulyap,Unique Salonga (Solo),Pop
Sigaw Tahimik,Unique Salonga (Solo),Pop
Lapis Kulay,Unique Salonga (Solo),Pop
Tulay Takipsilim,Unique Salonga (Solo),Pop
Sulyap Sigaw,Zild,Pop
Buwan Gabi,Zild,Pop
Tala Araw,Zild,Indie
Haplos Damdamin,Zild,Pop
Tingin Kuwento,Zild,Indie
Pintig Kulay,Zild,Pop
Lakad Sulyap,Zild,Pop
Himig Sana,Zild,Pop
Hangin Sinta,Zild,Pop
Lihim Pag-ibig,Zild,Sad
Tamis Layo,Sud,Pop
Balik Alaala,Sud,Pop
Bitaw Saan,Sud,Pop
Tayo Nawala,Sud,Love
Sabay Alon,Sud,Pop
Talao Sulyap,Sud,Pop
Sigaw Tahimik,Sud,Pop
Lapis Kulay,Sud,Pop
Tulay Takipsilim,Sud,Pop
Sulyap Sigaw,Ben&Ben Acoustic,Pop
Buwan Gabi,Ben&Ben Acoustic,Pop
Tala Araw,Ben&Ben Acoustic,Indie
Haplos Damdamin,Ben&Ben Acoustic,Pop
Tingin Kuwento,Ben&Ben Acoustic,Indie
Pintig Kulay,Ben&Ben Acoustic,Pop
Lakad Sulyap,Ben&Ben Acoustic,Pop
Himig Sana,Ben&Ben Acoustic,Pop
Hangin Sinta,Ben&Ben Acoustic,Pop
Lihim Pag-ibig,Ben&Ben Acoustic,Sad
Tamis Layo,IV of Spades (feat),Pop
Balik Alaala,IV of Spades (feat),Pop
Bitaw Saan,IV of Spades (feat),Pop
Tayo Nawala,IV of Spades (feat),Love
Sabay Alon,IV of Spades (feat),Pop
Talao Sulyap,IV of Spades (feat),Pop
Sigaw Tahimik,IV of Spades (feat),Pop
Lapis Kulay,IV of Spades (feat),Pop
Tulay Takipsilim,IV of Spades (feat),Pop
Sulyap Sigaw,Gyro,Pop
Buwan Gabi,Gyro,Pop
Tala Araw,Gyro,Pop
Haplos Damdamin,Gyro,Pop
Tingin Kuwento,Gyro,Pop
Pintig Kulay,Gyro,Pop
Lakad Sulyap,Gyro,Pop
Himig Sana,Gyro,Pop
Hangin Sinta,Gyro,Pop
Lihim Pag-ibig,Gyro,Love
Tamis Layo,Neocolours,Pop
Balik Alaala,Neocolours,Pop
Bitaw Saan,Neocolours,Pop
Tayo Nawala,Neocolours,Love
Sabay Alon,Neocolours,Pop
Talao Sulyap,Neocolours,Pop
Sigaw Tahimik,Neocolours,Pop
Lapis Kulay,Neocolours,Pop
Tulay Takipsilim,Neocolours,Pop
Sulyap Sigaw,Sponge Cola,Rock
Buwan Gabi,Sponge Cola,Rock
Tala Araw,Sponge Cola,Rock
Haplos Damdamin,Sponge Cola,Rock
Tingin Kuwento,Sponge Cola,Rock
Pintig Kulay,Sponge Cola,Rock
Lakad Sulyap,Sponge Cola,Rock
Himig Sana,Sponge Cola,Rock
Hangin Sinta,Sponge Cola,Rock
Lihim Pag-ibig,Sponge Cola,Rock
Tamis Layo,Ebe Dancel,Pop
Balik Alaala,Ebe Dancel,Pop
Bitaw Saan,Ebe Dancel,Pop
Tayo Nawala,Ebe Dancel,Love
Sabay Alon,Ebe Dancel,Pop
Talao Sulyap,Ebe Dancel,Pop
Sigaw Tahimik,Ebe Dancel,Pop
Lapis Kulay,Ebe Dancel,Pop
Tulay Takipsilim,Ebe Dancel,Pop
Sulyap Sigaw,Levi's Band,Pop
Buwan Gabi,Levi's Band,Pop
Tala Araw,Levi's Band,Pop
Haplos Damdamin,Levi's Band,Pop
Tingin Kuwento,Levi's Band,Pop
Pintig Kulay,Levi's Band,Pop
Lakad Sulyap,Levi's Band,Pop
Himig Sana,Levi's Band,Pop
Hangin Sinta,Levi's Band,Pop
Lihim Pag-ibig,Levi's Band,Love
Tamis Layo,Morissette,Pop
Balik Alaala,Morissette,Pop
Bitaw Saan,Morissette,Pop
Tayo Nawala,Morissette,Love
Sabay Alon,Morissette,Pop
Talao Sulyap,Morissette,Pop
Sigaw Tahimik,Morissette,Pop
Lapis Kulay,Morissette,Pop
Tulay Takipsilim,Morissette,Pop
Sulyap Sigaw,Jason Dhakal,Pop
Buwan Gabi,Jason Dhakal,Pop
Tala Araw,Jason Dhakal,Pop
Haplos Damdamin,Jason Dhakal,Pop
Tingin Kuwento,Jason Dhakal,Pop
Pintig Kulay,Jason Dhakal,Pop
Lakad Sulyap,Jason Dhakal,Pop
Himig Sana,Jason Dhakal,Pop
Hangin Sinta,Jason Dhakal,Pop
Lihim Pag-ibig,Jason Dhakal,Love
Tamis Layo,Keiko Necesario,Pop
Balik Alaala,Keiko Necesario,Pop
Bitaw Saan,Keiko Necesario,Pop
Tayo Nawala,Keiko Necesario,Love
Sabay Alon,Keiko Necesario,Pop
Talao Sulyap,Keiko Necesario,Pop
Sigaw Tahimik,Keiko Necesario,Pop
Lapis Kulay,Keiko Necesario,Pop
Tulay Takipsilim,Keiko Necesario,Pop
Sulyap Sigaw,SURU,Pop
Buwan Gabi,SURU,Pop
Tala Araw,SURU,Pop
Haplos Damdamin,SURU,Pop
Tingin Kuwento,SURU,Pop
Pintig Kulay,SURU,Pop
Lakad Sulyap,SURU,Pop
Himig Sana,SURU,Pop
Hangin Sinta,SURU,Pop
Lihim Pag-ibig,SURU,Love
Tamis Layo,Juan Miguel,Pop
Balik Alaala,Juan Miguel,Pop
Bitaw Saan,Juan Miguel,Pop
Tayo Nawala,Juan Miguel,Love
Sabay Alon,Juan Miguel,Pop
Talao Sulyap,Juan Miguel,Pop
Sigaw Tahimik,Juan Miguel,Pop
Lapis Kulay,Juan Miguel,Pop
Tulay Takipsilim,Juan Miguel,Pop
Sulyap Sigaw,The Itchyworms,Pop
Buwan Gabi,The Itchyworms,Pop
Tala Araw,The Itchyworms,Pop
Haplos Damdamin,The Itchyworms,Pop
Tingin Kuwento,The Itchyworms,Pop
Pintig Kulay,The Itchyworms,Pop
Lakad Sulyap,The Itchyworms,Pop
Himig Sana,The Itchyworms,Pop
Hangin Sinta,The Itchyworms,Pop
Lihim Pag-ibig,The Itchyworms,Love
Tamis Layo,IV of Spades (feat),Pop
Balik Alaala,IV of Spades (feat),Pop
Bitaw Saan,IV of Spades (feat),Pop
Tayo Nawala,IV of Spades (feat),Love
Sabay Alon,IV of Spades (feat),Pop
Talao Sulyap,IV of Spades (feat),Pop
Sigaw Tahimik,IV of Spades (feat),Pop
Lapis Kulay,IV of Spades (feat),Pop
Tulay Takipsilim,IV of Spades (feat),Pop
Sulyap Sigaw,December Avenue (Acoustic),Pop
Buwan Gabi,December Avenue (Acoustic),Pop
Tala Araw,December Avenue (Acoustic),Pop
Haplos Damdamin,December Avenue (Acoustic),Pop
Tingin Kuwento,December Avenue (Acoustic),Pop
Pintig Kulay,December Avenue (Acoustic),Pop
Lakad Sulyap,December Avenue (Acoustic),Pop
Himig Sana,December Avenue (Acoustic),Pop
Hangin Sinta,December Avenue (Acoustic),Pop
Lihim Pag-ibig,December Avenue (Acoustic),Love
Tamis Layo,Unique Salonga (Solo),Pop
Balik Alaala,Unique Salonga (Solo),Pop
Bitaw Saan,Unique Salonga (Solo),Pop
Tayo Nawala,Unique Salonga (Solo),Love
Sabay Alon,Unique Salonga (Solo),Pop
Talao Sulyap,Unique Salonga (Solo),Pop
Sigaw Tahimik,Unique Salonga (Solo),Pop
Lapis Kulay,Unique Salonga (Solo),Pop
Tulay Takipsilim,Unique Salonga (Solo),Pop
Sulyap Sigaw,Zild,Pop
Buwan Gabi,Zild,Pop
Tala Araw,Zild,Indie
Haplos Damdamin,Zild,Pop
Tingin Kuwento,Zild,Indie
Pintig Kulay,Zild,Pop
Lakad Sulyap,Zild,Pop
Himig Sana,Zild,Pop
Hangin Sinta,Zild,Pop
Lihim Pag-ibig,Zild,Sad
Tamis Layo,Sud,Pop
Balik Alaala,Sud,Pop
Bitaw Saan,Sud,Pop
Tayo Nawala,Sud,Love
Sabay Alon,Sud,Pop
Talao Sulyap,Sud,Pop
Sigaw Tahimik,Sud,Pop
Lapis Kulay,Sud,Pop
Tulay Takipsilim,Sud,Pop
Sulyap Sigaw,Ben&Ben Acoustic,Pop
Buwan Gabi,Ben&Ben Acoustic,Pop
Tala Araw,Ben&Ben Acoustic,Indie
Haplos Damdamin,Ben&Ben Acoustic,Pop
Tingin Kuwento,Ben&Ben Acoustic,Indie
Pintig Kulay,Ben&Ben Acoustic,Pop
Lakad Sulyap,Ben&Ben Acoustic,Pop
Himig Sana,Ben&Ben Acoustic,Pop
Hangin Sinta,Ben&Ben Acoustic,Pop
Lihim Pag-ibig,Ben&Ben Acoustic,Sad
Tamis Layo,IV of Spades (feat),Pop
Balik Alaala,IV of Spades (feat),Pop
Bitaw Saan,IV of Spades (feat),Pop
Tayo Nawala,IV of Spades (feat),Love
Sabay Alon,IV of Spades (feat),Pop
Talao Sulyap,IV of Spades (feat),Pop
Sigaw Tahimik,IV of Spades (feat),Pop
Lapis Kulay,IV of Spades (feat),Pop
Tulay Takipsilim,IV of Spades (feat),Pop
Sulyap Sigaw,Gyro,Pop
Buwan Gabi,Gyro,Pop
Tala Araw,Gyro,Pop
Haplos Damdamin,Gyro,Pop
Tingin Kuwento,Gyro,Pop
Pintig Kulay,Gyro,Pop
Lakad Sulyap,Gyro,Pop
Himig Sana,Gyro,Pop
Hangin Sinta,Gyro,Pop
Lihim Pag-ibig,Gyro,Love
Tamis Layo,Neocolours,Pop
Balik Alaala,Neocolours,Pop
Bitaw Saan,Neocolours,Pop
Tayo Nawala,Neocolours,Love
Sabay Alon,Neocolours,Pop
Talao Sulyap,Neocolours,Pop
Sigaw Tahimik,Neocolours,Pop
Lapis Kulay,Neocolours,Pop
Tulay Takipsilim,Neocolours,Pop
Sulyap Sigaw,Sponge Cola,Rock
Buwan Gabi,Sponge Cola,Rock
Tala Araw,Sponge Cola,Rock
Haplos Damdamin,Sponge Cola,Rock
Tingin Kuwento,Sponge Cola,Rock
Pintig Kulay,Sponge Cola,Rock
Lakad Sulyap,Sponge Cola,Rock
Himig Sana,Sponge Cola,Rock
Hangin Sinta,Sponge Cola,Rock
Lihim Pag-ibig,Sponge Cola,Rock
Tamis Layo,Ebe Dancel,Pop
Balik Alaala,Ebe Dancel,Pop
Bitaw Saan,Ebe Dancel,Pop
Tayo Nawala,Ebe Dancel,Love
Sabay Alon,Ebe Dancel,Pop
Talao Sulyap,Ebe Dancel,Pop
Sigaw Tahimik,Ebe Dancel,Pop
Lapis Kulay,Ebe Dancel,Pop
Tulay Takipsilim,Ebe Dancel,Pop
Sulyap Sigaw,Levi's Band,Pop
Buwan Gabi,Levi's Band,Pop
Tala Araw,Levi's Band,Pop
Haplos Damdamin,Levi's Band,Pop
Tingin Kuwento,Levi's Band,Pop
Pintig Kulay,Levi's Band,Pop
Lakad Sulyap,Levi's Band,Pop
Himig Sana,Levi's Band,Pop
Hangin Sinta,Levi's Band,Pop
Lihim Pag-ibig,Levi's Band,Love
Tamis Layo,Morissette,Pop
Balik Alaala,Morissette,Pop
Bitaw Saan,Morissette,Pop
Tayo Nawala,Morissette,Love
Sabay Alon,Morissette,Pop
Talao Sulyap,Morissette,Pop
Sigaw Tahimik,Morissette,Pop
Lapis Kulay,Morissette,Pop
Tulay Takipsilim,Morissette,Pop
Sulyap Sigaw,Jason Dhakal,Pop
Buwan Gabi,Jason Dhakal,Pop
Tala Araw,Jason Dhakal,Pop
Haplos Damdamin,Jason Dhakal,Pop
Tingin Kuwento,Jason Dhakal,Pop
Pintig Kulay,Jason Dhakal,Pop
Lakad Sulyap,Jason Dhakal,Pop
Himig Sana,Jason Dhakal,Pop
Hangin Sinta,Jason Dhakal,Pop
Lihim Pag-ibig,Jason Dhakal,Love
Tamis Layo,Keiko Necesario,Pop
Balik Alaala,Keiko Necesario,Pop
Bitaw Saan,Keiko Necesario,Pop
Tayo Nawala,Keiko Necesario,Love
Sabay Alon,Keiko Necesario,Pop
Talao Sulyap,Keiko Necesario,Pop
Sigaw Tahimik,Keiko Necesario,Pop
Lapis Kulay,Keiko Necesario,Pop
Tulay Takipsilim,Keiko Necesario,Pop
Sulyap Sigaw,SURU,Pop
Buwan Gabi,SURU,Pop
Tala Araw,SURU,Pop
Haplos Damdamin,SURU,Pop
Tingin Kuwento,SURU,Pop
Pintig Kulay,SURU,Pop
Lakad Sulyap,SURU,Pop
Himig Sana,SURU,Pop
Hangin Sinta,SURU,Pop
Lihim Pag-ibig,SURU,Love
Tamis Layo,Juan Miguel,Pop
Balik Alaala,Juan Miguel,Pop
Bitaw Saan,Juan Miguel,Pop
Tayo Nawala,Juan Miguel,Love
Sabay Alon,Juan Miguel,Pop
Talao Sulyap,Juan Miguel,Pop
Sigaw Tahimik,Juan Miguel,Pop
Lapis Kulay,Juan Miguel,Pop
Tulay Takipsilim,Juan Miguel,Pop
Sulyap Sigaw,The Itchyworms,Pop
Buwan Gabi,The Itchyworms,Pop
Tala Araw,The Itchyworms,Pop
Haplos Damdamin,The Itchyworms,Pop
Tingin Kuwento,The Itchyworms,Pop
Pintig Kulay,The Itchyworms,Pop
Lakad Sulyap,The Itchyworms,Pop
Himig Sana,The Itchyworms,Pop
Hangin Sinta,The Itchyworms,Pop
Lihim Pag-ibig,The Itchyworms,Love
Tamis Layo,IV of Spades (feat),Pop
Balik Alaala,IV of Spades (feat),Pop
Bitaw Saan,IV of Spades (feat),Pop
Tayo Nawala,IV of Spades (feat),Love
Sabay Alon,IV of Spades (feat),Pop
Talao Sulyap,IV of Spades (feat),Pop
Sigaw Tahimik,IV of Spades (feat),Pop
Lapis Kulay,IV of Spades (feat),Pop
Tulay Takipsilim,IV of Spades (feat),Pop
Sulyap Sigaw,December Avenue (Acoustic),Pop
Buwan Gabi,December Avenue (Acoustic),Pop
Tala Araw,December Avenue (Acoustic),Pop
Haplos Damdamin,December Avenue (Acoustic),Pop
Tingin Kuwento,December Avenue (Acoustic),Pop
Pintig Kulay,December Avenue (Acoustic),Pop
Lakad Sulyap,December Avenue (Acoustic),Pop
Himig Sana,December Avenue (Acoustic),Pop
Hangin Sinta,December Avenue (Acoustic),Pop
Lihim Pag-ibig,December Avenue (Acoustic),Love
Tamis Layo,Unique Salonga (Solo),Pop
Balik Alaala,Unique Salonga (Solo),Pop
Bitaw Saan,Unique Salonga (Solo),Pop
Tayo Nawala,Unique Salonga (Solo),Love
Sabay Alon,Unique Salonga (Solo),Pop
Talao Sulyap,Unique Salonga (Solo),Pop
Sigaw Tahimik,Unique Salonga (Solo),Pop
Lapis Kulay,Unique Salonga (Solo),Pop
Tulay Takipsilim,Unique Salonga (Solo),Pop
Sulyap Sigaw,Zild,Pop
Buwan Gabi,Zild,Pop
Tala Araw,Zild,Indie
Haplos Damdamin,Zild,Pop
Tingin Kuwento,Zild,Indie
Pintig Kulay,Zild,Pop
Lakad Sulyap,Zild,Pop
Himig Sana,Zild,Pop
Hangin Sinta,Zild,Pop
Lihim Pag-ibig,Zild,Sad
Tamis Layo,Sud,Pop
Balik Alaala,Sud,Pop
Bitaw Saan,Sud,Pop
Tayo Nawala,Sud,Love
Sabay Alon,Sud,Pop
Talao Sulyap,Sud,Pop
Sigaw Tahimik,Sud,Pop
Lapis Kulay,Sud,Pop
Tulay Takipsilim,Sud,Pop
Sulyap Sigaw,Ben&Ben Acoustic,Pop
Buwan Gabi,Ben&Ben Acoustic,Pop
Tala Araw,Ben&Ben Acoustic,Indie
Haplos Damdamin,Ben&Ben Acoustic,Pop
Tingin Kuwento,Ben&Ben Acoustic,Indie
Pintig Kulay,Ben&Ben Acoustic,Pop
Lakad Sulyap,Ben&Ben Acoustic,Pop
Himig Sana,Ben&Ben Acoustic,Pop
Hangin Sinta,Ben&Ben Acoustic,Pop
Lihim Pag-ibig,Ben&Ben Acoustic,Sad
Tamis Layo,IV of Spades (feat),Pop
Balik Alaala,IV of Spades (feat),Pop
Bitaw Saan,IV of Spades (feat),Pop
Tayo Nawala,IV of Spades (feat),Love
Sabay Alon,IV of Spades (feat),Pop
Talao Sulyap,IV of Spades (feat),Pop
Sigaw Tahimik,IV of Spades (feat),Pop
Lapis Kulay,IV of Spades (feat),Pop
Tulay Takipsilim,IV of Spades (feat),Pop
Sulyap Sigaw,Gyro,Pop
Buwan Gabi,Gyro,Pop
Tala Araw,Gyro,Pop
Haplos Damdamin,Gyro,Pop
Tingin Kuwento,Gyro,Pop
Pintig Kulay,Gyro,Pop
Lakad Sulyap,Gyro,Pop
Himig Sana,Gyro,Pop
Hangin Sinta,Gyro,Pop
Lihim Pag-ibig,Gyro,Love
Tamis Layo,Neocolours,Pop
Balik Alaala,Neocolours,Pop
Bitaw Saan,Neocolours,Pop
Tayo Nawala,Neocolours,Love
Sabay Alon,Neocolours,Pop
Talao Sulyap,Neocolours,Pop
Sigaw Tahimik,Neocolours,Pop
Lapis Kulay,Neocolours,Pop
Tulay Takipsilim,Neocolours,Pop
Sulyap Sigaw,Sponge Cola,Rock
Buwan Gabi,Sponge Cola,Rock
Tala Araw,Sponge Cola,Rock
Haplos Damdamin,Sponge Cola,Rock
Tingin Kuwento,Sponge Cola,Rock
Pintig Kulay,Sponge Cola,Rock
Lakad Sulyap,Sponge Cola,Rock
Himig Sana,Sponge Cola,Rock
Hangin Sinta,Sponge Cola,Rock
Lihim Pag-ibig,Sponge Cola,Rock
Tamis Layo,Ebe Dancel,Pop
Balik Alaala,Ebe Dancel,Pop
Bitaw Saan,Ebe Dancel,Pop
Tayo Nawala,Ebe Dancel,Love
Sabay Alon,Ebe Dancel,Pop
Talao Sulyap,Ebe Dancel,Pop
Sigaw Tahimik,Ebe Dancel,Pop
Lapis Kulay,Ebe Dancel,Pop
Tulay Takipsilim,Ebe Dancel,Pop
Sulyap Sigaw,Levi's Band,Pop
Buwan Gabi,Levi's Band,Pop
Tala Araw,Levi's Band,Pop
Haplos Damdamin,Levi's Band,Pop
Tingin Kuwento,Levi's Band,Pop
Pintig Kulay,Levi's Band,Pop
Lakad Sulyap,Levi's Band,Pop
Himig Sana,Levi's Band,Pop
Hangin Sinta,Levi's Band,Pop
Lihim Pag-ibig,Levi's Band,Love
Tamis Layo,Morissette,Pop
Balik Alaala,Morissette,Pop
Bitaw Saan,Morissette,Pop
Tayo Nawala,Morissette,Love
Sabay Alon,Morissette,Pop
Talao Sulyap,Morissette,Pop
Sigaw Tahimik,Morissette,Pop
Lapis Kulay,Morissette,Pop
Tulay Takipsilim,Morissette,Pop
Sulyap Sigaw,Jason Dhakal,Pop
Buwan Gabi,Jason Dhakal,Pop
Tala Araw,Jason Dhakal,Pop
Haplos Damdamin,Jason Dhakal,Pop
Tingin Kuwento,Jason Dhakal,Pop
Pintig Kulay,Jason Dhakal,Pop
Lakad Sulyap,Jason Dhakal,Pop
Himig Sana,Jason Dhakal,Pop
Hangin Sinta,Jason Dhakal,Pop
Lihim Pag-ibig,Jason Dhakal,Love
Tamis Layo,Keiko Necesario,Pop
Balik Alaala,Keiko Necesario,Pop
Bitaw Saan,Keiko Necesario,Pop
Tayo Nawala,Keiko Necesario,Love
Sabay Alon,Keiko Necesario,Pop
Talao Sulyap,Keiko Necesario,Pop
Sigaw Tahimik,Keiko Necesario,Pop
Lapis Kulay,Keiko Necesario,Pop
Tulay Takipsilim,Keiko Necesario,Pop
Sulyap Sigaw,SURU,Pop
Buwan Gabi,SURU,Pop
Tala Araw,SURU,Pop
Haplos Damdamin,SURU,Pop
Tingin Kuwento,SURU,Pop
Pintig Kulay,SURU,Pop
Lakad Sulyap,SURU,Pop
Himig Sana,SURU,Pop
Hangin Sinta,SURU,Pop
Lihim Pag-ibig,SURU,Love
Tamis Layo,Juan Miguel,Pop
Balik Alaala,Juan Miguel,Pop
Bitaw Saan,Juan Miguel,Pop
Tayo Nawala,Juan Miguel,Love
Sabay Alon,Juan Miguel,Pop
Talao Sulyap,Juan Miguel,Pop
Sigaw Tahimik,Juan Miguel,Pop
Lapis Kulay,Juan Miguel,Pop
Tulay Takipsilim,Juan Miguel,Pop
Sulyap Sigaw,The Itchyworms,Pop
Buwan Gabi,The Itchyworms,Pop
Tala Araw,The Itchyworms,Pop
Haplos Damdamin,The Itchyworms,Pop
Tingin Kuwento,The Itchyworms,Pop
Pintig Kulay,The Itchyworms,Pop
Lakad Sulyap,The Itchyworms,Pop
Himig Sana,The Itchyworms,Pop
Hangin Sinta,The Itchyworms,Pop
Lihim Pag-ibig,The Itchyworms,Love
Tamis Layo,IV of Spades (feat),Pop
Balik Alaala,IV of Spades (feat),Pop
Bitaw Saan,IV of Spades (feat),Pop
Tayo Nawala,IV of Spades (feat),Love
Sabay Alon,IV of Spades (feat),Pop
Talao Sulyap,IV of Spades (feat),Pop
Sigaw Tahimik,IV of Spades (feat),Pop
Lapis Kulay,IV of Spades (feat),Pop
Tulay Takipsilim,IV of Spades (feat),Pop
Sulyap Sigaw,December Avenue (Acoustic),Pop
Buwan Gabi,December Avenue (Acoustic),Pop
Tala Araw,December Avenue (Acoustic),Pop
Haplos Damdamin,December Avenue (Acoustic),Pop
Tingin Kuwento,December Avenue (Acoustic),Pop
Pintig Kulay,December Avenue (Acoustic),Pop
Lakad Sulyap,December Avenue (Acoustic),Pop
Himig Sana,December Avenue (Acoustic),Pop
Hangin Sinta,December Avenue (Acoustic),Pop
Lihim Pag-ibig,December Avenue (Acoustic),Love
